{"SGDRegressor": {"iterations": 300, "time": 9.09, "parameters": {"sgdregressor__alpha": 0.00975713159353895, "sgdregressor__eta0": 0.021425862207195796, "sgdregressor__power_t": 0.39624201890265875, "sgdregressor__tol": 0.0018824152265188435}, "factor": {"R2": 1.0012318964653624, "RMSE": 0.997520920121231, "MAE": 1.0108333294218028}}, "Ridge": {"iterations": 300, "time": 4.25, "parameters": {"ridge__alpha": 2.0597335357437188, "ridge__solver": "saga", "ridge__tol": 0.014010055495451746}, "factor": {"R2": 1.0000815668851586, "RMSE": 0.9997526182998875, "MAE": 1.0016041300813332}}, "KernelRidge": {"iterations": 30, "time": 3.81, "parameters": {"kernelridge__alpha": 0.27898772130408367, "kernelridge__kernel": "linear"}, "factor": {"R2": 1.000198938763856, "RMSE": 0.9996152680563578, "MAE": 0.9998901003928835}}, "KNeighborsRegressor": {"iterations": 60, "time": 2.46, "parameters": {"kneighborsregressor__algorithm": "kd_tree", "kneighborsregressor__leaf_size": 34, "kneighborsregressor__n_neighbors": 7, "kneighborsregressor__p": 2, "kneighborsregressor__weights": "distance"}, "factor": {"R2": 1.0048904035371813, "RMSE": 0.9844176384751255, "MAE": 0.9843707196075651}}, "CatBoostRegressor": {"iterations": 20, "time": 123.63, "parameters": {"catboostregressor__l2_leaf_reg": 1.49816047538945, "catboostregressor__learning_rate": 0.027804851956917426, "catboostregressor__random_strength": 2.5985284373248057}, "factor": {"R2": 1.0027387918300659, "RMSE": 0.9903502819391528, "MAE": 0.9862609819866146}}, "GradientBoostingRegressor": {"iterations": 60, "time": 35.24, "parameters": {"gradientboostingregressor__learning_rate": 0.13355022016523652, "gradientboostingregressor__loss": "huber", "gradientboostingregressor__n_estimators": 182}, "factor": {"R2": 1.0124229108618301, "RMSE": 0.9528274303477378, "MAE": 0.9205879916286418}}, "ExtraTreesRegressor": {"iterations": 90, "time": 39.73, "parameters": {"extratreesregressor__n_estimators": 201}, "factor": {"R2": 1.002717476083396, "RMSE": 0.9919084780393377, "MAE": 0.9946430627806063}}, "RandomForestRegressor": {"iterations": 60, "time": 39.73, "parameters": {"randomforestregressor__max_features": 4, "randomforestregressor__n_estimators": 89}, "factor": {"R2": 1.013233126225091, "RMSE": 0.9573171494484548, "MAE": 0.9642315652234813}}, "LGBMRegressor": {"iterations": 30, "time": 31.04, "parameters": {"lgbmregressor__learning_rate": 0.052401825371262895, "lgbmregressor__min_data_in_leaf": 15, "lgbmregressor__n_estimators": 235, "lgbmregressor__num_leaves": 32}, "factor": {"R2": 1.0085789101582718, "RMSE": 0.9725917851754212, "MAE": 0.9838060059956617}}, "XGBRegressor_gbtree": {"iterations": 60, "time": 32.63, "parameters": {"xgbregressor__colsample_bytree": 0.7181162353675755, "xgbregressor__eta": 0.2894966808967191, "xgbregressor__gamma": 0.018169482974997143, "xgbregressor__max_depth": 3, "xgbregressor__subsample": 0.9468289274320415}, "factor": {"R2": 1.0249030718879257, "RMSE": 0.9152156866590174, "MAE": 0.8816689590595882}}, "XGBRegressor_gblinear": {"iterations": 60, "time": 3.74, "parameters": {"xgbregressor__feature_selector": "cyclic", "xgbregressor__lambda": 0.012562773503807025, "xgbregressor__updater": "shotgun"}, "factor": {"R2": 1.0004003141814557, "RMSE": 0.999834268199153, "MAE": 1.0120224594536296}}}